timestamp,class,confidence,filename
20251125_210848,No Helmet,0.63,violation_20251125_210848_0.jpg
20251125_210848,No Helmet,0.61,violation_20251125_210848_1.jpg
20251125_210848,No Helmet,0.70,violation_20251125_210848_2.jpg
20251125_210848,No Helmet,0.65,violation_20251125_210848_3.jpg
20251125_210848,No Helmet,0.81,violation_20251125_210848_4.jpg
20251125_210848,No Helmet,0.50,violation_20251125_210848_5.jpg
20251125_210849,No Helmet,0.85,violation_20251125_210849_6.jpg
20251125_210849,No Helmet,0.63,violation_20251125_210849_7.jpg
20251125_210849,No Helmet,0.69,violation_20251125_210849_8.jpg
20251125_210849,No Helmet,0.64,violation_20251125_210849_9.jpg
20251125_210849,No Helmet,0.74,violation_20251125_210849_10.jpg
20251125_210849,No Helmet,0.46,violation_20251125_210849_11.jpg
20251125_210850,No Helmet,0.76,violation_20251125_210850_12.jpg
20251125_210850,No Helmet,0.71,violation_20251125_210850_13.jpg
20251125_210850,No Helmet,0.79,violation_20251125_210850_14.jpg
20251125_210850,No Helmet,0.73,violation_20251125_210850_15.jpg
20251125_210850,No Helmet,0.78,violation_20251125_210850_16.jpg
20251125_210850,No Helmet,0.74,violation_20251125_210850_17.jpg
20251125_210851,No Helmet,0.80,violation_20251125_210851_18.jpg
20251125_210851,No Helmet,0.79,violation_20251125_210851_19.jpg
20251125_210851,No Helmet,0.80,violation_20251125_210851_20.jpg
20251125_210851,No Helmet,0.76,violation_20251125_210851_21.jpg
20251125_210851,No Helmet,0.80,violation_20251125_210851_22.jpg
20251125_210851,No Helmet,0.79,violation_20251125_210851_23.jpg
20251125_210852,No Helmet,0.74,violation_20251125_210852_24.jpg
20251125_210852,No Helmet,0.72,violation_20251125_210852_25.jpg
20251125_210852,No Helmet,0.82,violation_20251125_210852_26.jpg
20251125_210852,No Helmet,0.75,violation_20251125_210852_27.jpg
20251125_210852,No Helmet,0.87,violation_20251125_210852_28.jpg
20251125_210853,No Helmet,0.78,violation_20251125_210853_29.jpg
20251125_210853,No Helmet,0.85,violation_20251125_210853_30.jpg
20251125_210853,No Helmet,0.80,violation_20251125_210853_31.jpg
20251125_210853,No Helmet,0.87,violation_20251125_210853_32.jpg
20251125_210853,No Helmet,0.83,violation_20251125_210853_33.jpg
20251125_210853,No Helmet,0.83,violation_20251125_210853_34.jpg
20251125_210854,No Helmet,0.61,violation_20251125_210854_35.jpg
20251125_210854,No Helmet,0.82,violation_20251125_210854_36.jpg
20251125_210854,No Helmet,0.68,violation_20251125_210854_37.jpg
20251125_210854,No Helmet,0.83,violation_20251125_210854_38.jpg
20251125_210854,No Helmet,0.61,violation_20251125_210854_39.jpg
20251125_210855,No Helmet,0.79,violation_20251125_210855_40.jpg
20251125_210855,No Helmet,0.76,violation_20251125_210855_41.jpg
20251125_211030,No Helmet,0.25,violation_20251125_211030_0.jpg
20251125_211031,No Helmet,0.30,violation_20251125_211031_1.jpg
20251125_211036,No Helmet,0.33,violation_20251125_211036_2.jpg
20251125_211036,No Helmet,0.36,violation_20251125_211036_3.jpg
20251125_211037,No Helmet,0.33,violation_20251125_211037_4.jpg
20251125_211038,No Helmet,0.46,violation_20251125_211038_5.jpg
20251125_211039,No Helmet,0.45,violation_20251125_211039_6.jpg
20251125_211039,No Helmet,0.63,violation_20251125_211039_7.jpg
20251125_211039,No Helmet,0.71,violation_20251125_211039_8.jpg
20251125_211051,No Helmet,0.29,violation_20251125_211051_9.jpg
20251125_211051,No Helmet,0.62,violation_20251125_211051_10.jpg
20251125_211051,No Helmet,0.83,violation_20251125_211051_11.jpg
20251125_211051,No Helmet,0.83,violation_20251125_211051_12.jpg
20251125_211051,No Helmet,0.82,violation_20251125_211051_13.jpg
20251125_211052,No Helmet,0.79,violation_20251125_211052_14.jpg
20251125_211052,No Helmet,0.86,violation_20251125_211052_15.jpg
20251125_211052,No Helmet,0.85,violation_20251125_211052_16.jpg
20251125_211052,No Helmet,0.80,violation_20251125_211052_17.jpg
20251125_211052,No Helmet,0.61,violation_20251125_211052_18.jpg
20251125_211054,No Helmet,0.35,violation_20251125_211054_19.jpg
20251125_211055,No Helmet,0.54,violation_20251125_211055_20.jpg
20251125_211055,No Helmet,0.74,violation_20251125_211055_21.jpg
20251125_211055,No Helmet,0.70,violation_20251125_211055_22.jpg
20251125_211056,No Helmet,0.71,violation_20251125_211056_23.jpg
20251125_211056,No Helmet,0.55,violation_20251125_211056_24.jpg
20251125_211056,No Helmet,0.42,violation_20251125_211056_25.jpg
20251125_211057,No Helmet,0.61,violation_20251125_211057_26.jpg
20251125_211057,No Helmet,0.90,violation_20251125_211057_27.jpg
20251125_211057,No Helmet,0.88,violation_20251125_211057_28.jpg
20251125_211057,No Helmet,0.88,violation_20251125_211057_29.jpg
20251125_211057,No Helmet,0.83,violation_20251125_211057_30.jpg
20251125_211059,No Helmet,0.52,violation_20251125_211059_31.jpg
20251125_211059,No Helmet,0.40,violation_20251125_211059_32.jpg
20251125_211106,No Helmet,0.29,violation_20251125_211106_33.jpg
20251125_211106,No Helmet,0.55,violation_20251125_211106_34.jpg
20251125_211106,No Helmet,0.31,violation_20251125_211106_35.jpg
20251125_211106,No Helmet,0.38,violation_20251125_211106_36.jpg
20251125_211107,No Helmet,0.54,violation_20251125_211107_37.jpg
20251125_211113,No Helmet,0.36,violation_20251125_211113_38.jpg
20251125_211113,No Helmet,0.48,violation_20251125_211113_39.jpg
20251125_211117,No Helmet,0.63,violation_20251125_211117_40.jpg
20251125_211117,No Helmet,0.57,violation_20251125_211117_41.jpg
20251125_211118,No Helmet,0.36,violation_20251125_211118_42.jpg
20251125_211118,No Helmet,0.26,violation_20251125_211118_43.jpg
20251125_211118,No Helmet,0.43,violation_20251125_211118_44.jpg
20251125_211118,No Helmet,0.28,violation_20251125_211118_45.jpg
20251125_211119,No Helmet,0.29,violation_20251125_211119_46.jpg
20251125_211119,No Helmet,0.32,violation_20251125_211119_47.jpg
20251125_211123,No Helmet,0.62,violation_20251125_211123_48.jpg
20251125_211123,No Helmet,0.66,violation_20251125_211123_49.jpg
20251125_211123,No Helmet,0.45,violation_20251125_211123_50.jpg
20251125_211123,No Helmet,0.36,violation_20251125_211123_51.jpg
20251125_211124,No Helmet,0.32,violation_20251125_211124_52.jpg
20251125_211124,No Helmet,0.51,violation_20251125_211124_53.jpg
20251125_211125,No Helmet,0.53,violation_20251125_211125_54.jpg
20251125_211125,No Helmet,0.44,violation_20251125_211125_55.jpg
20251125_211129,No Helmet,0.53,violation_20251125_211129_56.jpg
20251125_211129,No Helmet,0.43,violation_20251125_211129_57.jpg
20251125_211131,No Helmet,0.36,violation_20251125_211131_58.jpg
20251125_211139,No Helmet,0.67,violation_20251125_211139_59.jpg
20251125_211140,No Helmet,0.33,violation_20251125_211140_60.jpg
20251125_211140,No Helmet,0.38,violation_20251125_211140_61.jpg
20251125_211140,No Helmet,0.40,violation_20251125_211140_62.jpg
20251125_211141,No Helmet,0.37,violation_20251125_211141_63.jpg
20251125_211141,No Helmet,0.37,violation_20251125_211141_64.jpg
20251125_211141,No Helmet,0.62,violation_20251125_211141_65.jpg
20251125_211141,No Helmet,0.80,violation_20251125_211141_66.jpg
20251125_211141,No Helmet,0.80,violation_20251125_211141_67.jpg
20251125_211142,No Helmet,0.83,violation_20251125_211142_68.jpg
20251125_211142,No Helmet,0.82,violation_20251125_211142_69.jpg
20251125_211142,No Helmet,0.81,violation_20251125_211142_70.jpg
20251125_211142,No Helmet,0.60,violation_20251125_211142_71.jpg
20251125_211142,No Helmet,0.62,violation_20251125_211142_72.jpg
20251125_211546,No Helmet,0.26,violation_20251125_211546_0.jpg
20251125_211547,No Helmet,0.25,violation_20251125_211547_1.jpg
20251125_211547,No Helmet,0.29,violation_20251125_211547_2.jpg
20251125_211547,No Helmet,0.28,violation_20251125_211547_3.jpg
20251125_211547,No Helmet,0.57,violation_20251125_211547_4.jpg
20251125_211548,No Helmet,0.41,violation_20251125_211548_5.jpg
20251125_211548,No Helmet,0.26,violation_20251125_211548_6.jpg
20251125_211549,No Helmet,0.33,violation_20251125_211549_7.jpg
20251125_211549,No Helmet,0.37,violation_20251125_211549_8.jpg
20251125_211549,No Helmet,0.45,violation_20251125_211549_9.jpg
20251125_211550,No Helmet,0.61,violation_20251125_211550_10.jpg
20251125_211550,No Helmet,0.58,violation_20251125_211550_11.jpg
20251125_211550,No Helmet,0.54,violation_20251125_211550_12.jpg
20251125_211550,No Helmet,0.52,violation_20251125_211550_13.jpg
20251125_211550,No Helmet,0.55,violation_20251125_211550_14.jpg
20251125_211551,No Helmet,0.49,violation_20251125_211551_15.jpg
20251125_211551,No Helmet,0.52,violation_20251125_211551_16.jpg
20251125_211551,No Helmet,0.51,violation_20251125_211551_17.jpg
20251125_211551,No Helmet,0.45,violation_20251125_211551_18.jpg
20251125_211551,No Helmet,0.49,violation_20251125_211551_19.jpg
20251125_211552,No Helmet,0.55,violation_20251125_211552_20.jpg
20251125_211552,No Helmet,0.54,violation_20251125_211552_21.jpg
20251125_211552,No Helmet,0.57,violation_20251125_211552_22.jpg
20251125_211552,No Helmet,0.58,violation_20251125_211552_23.jpg
20251125_211552,No Helmet,0.50,violation_20251125_211552_24.jpg
20251125_211553,No Helmet,0.53,violation_20251125_211553_25.jpg
20251125_211553,No Helmet,0.48,violation_20251125_211553_26.jpg
20251125_211553,No Helmet,0.47,violation_20251125_211553_27.jpg
20251125_211553,No Helmet,0.32,violation_20251125_211553_28.jpg
20251125_211554,No Helmet,0.32,violation_20251125_211554_29.jpg
20251125_211554,No Helmet,0.44,violation_20251125_211554_30.jpg
20251125_211554,No Helmet,0.30,violation_20251125_211554_31.jpg
20251125_211554,No Helmet,0.35,violation_20251125_211554_32.jpg
20251125_211555,No Helmet,0.33,violation_20251125_211555_33.jpg
20251125_211556,No Helmet,0.27,violation_20251125_211556_34.jpg
20251125_211556,No Helmet,0.33,violation_20251125_211556_35.jpg
20251125_211556,No Helmet,0.26,violation_20251125_211556_36.jpg
20251125_211557,No Helmet,0.33,violation_20251125_211557_37.jpg
20251125_211557,No Helmet,0.47,violation_20251125_211557_38.jpg
20251125_211557,No Helmet,0.36,violation_20251125_211557_39.jpg
20251125_211558,No Helmet,0.56,violation_20251125_211558_40.jpg
20251125_211605,No Helmet,0.45,violation_20251125_211605_41.jpg
20251125_211605,No Helmet,0.61,violation_20251125_211605_42.jpg
20251125_211609,No Helmet,0.55,violation_20251125_211609_43.jpg
20251125_211611,No Helmet,0.60,violation_20251125_211611_44.jpg
20251125_211611,No Helmet,0.65,violation_20251125_211611_45.jpg
20251125_211611,No Helmet,0.67,violation_20251125_211611_46.jpg
20251125_211612,No Helmet,0.51,violation_20251125_211612_47.jpg
20251125_211612,No Helmet,0.57,violation_20251125_211612_48.jpg
20251125_211613,No Helmet,0.58,violation_20251125_211613_49.jpg
20251125_211613,No Helmet,0.78,violation_20251125_211613_50.jpg
20251125_211614,No Helmet,0.61,violation_20251125_211614_51.jpg
20251125_211614,No Helmet,0.76,violation_20251125_211614_52.jpg
20251125_211615,No Helmet,0.65,violation_20251125_211615_53.jpg
20251125_211618,No Helmet,0.60,violation_20251125_211618_54.jpg
20251125_211619,No Helmet,0.59,violation_20251125_211619_55.jpg
20251125_211620,No Helmet,0.47,violation_20251125_211620_56.jpg
20251125_211620,No Helmet,0.68,violation_20251125_211620_57.jpg
20251125_211620,No Helmet,0.53,violation_20251125_211620_58.jpg
20251125_211621,No Helmet,0.34,violation_20251125_211621_59.jpg
20251125_233128,No Helmet,0.87,violation_20251125_233128_0.jpg
20251125_233129,No Helmet,0.90,violation_20251125_233129_1.jpg
20251125_233129,No Helmet,0.90,violation_20251125_233129_2.jpg
20251125_233129,No Helmet,0.90,violation_20251125_233129_3.jpg
20251125_233129,No Helmet,0.90,violation_20251125_233129_4.jpg
20251125_233129,No Helmet,0.90,violation_20251125_233129_5.jpg
20251125_233130,No Helmet,0.91,violation_20251125_233130_6.jpg
20251125_233130,No Helmet,0.91,violation_20251125_233130_7.jpg
20251125_233130,No Helmet,0.91,violation_20251125_233130_8.jpg
20251125_233130,No Helmet,0.91,violation_20251125_233130_9.jpg
20251125_233130,No Helmet,0.91,violation_20251125_233130_10.jpg
20251125_233131,No Helmet,0.91,violation_20251125_233131_11.jpg
20251125_233131,No Helmet,0.91,violation_20251125_233131_12.jpg
20251125_233131,No Helmet,0.91,violation_20251125_233131_13.jpg
20251125_233131,No Helmet,0.92,violation_20251125_233131_14.jpg
20251125_233131,No Helmet,0.92,violation_20251125_233131_15.jpg
20251125_233132,No Helmet,0.91,violation_20251125_233132_16.jpg
20251125_233132,No Helmet,0.91,violation_20251125_233132_17.jpg
20251125_233132,No Helmet,0.86,violation_20251125_233132_18.jpg
20251125_233132,No Helmet,0.86,violation_20251125_233132_19.jpg
20251125_233133,No Helmet,0.89,violation_20251125_233133_20.jpg
20251125_233133,No Helmet,0.92,violation_20251125_233133_21.jpg
20251125_233133,No Helmet,0.90,violation_20251125_233133_22.jpg
20251125_233133,No Helmet,0.90,violation_20251125_233133_23.jpg
20251125_233133,No Helmet,0.90,violation_20251125_233133_24.jpg
20251125_233134,No Helmet,0.90,violation_20251125_233134_25.jpg
20251125_233134,No Helmet,0.92,violation_20251125_233134_26.jpg
20251125_233134,No Helmet,0.85,violation_20251125_233134_27.jpg
20251125_233134,No Helmet,0.57,violation_20251125_233134_28.jpg
20251125_233135,No Helmet,0.51,violation_20251125_233135_29.jpg
20251125_233136,No Helmet,0.27,violation_20251125_233136_30.jpg
20251125_233136,No Helmet,0.26,violation_20251125_233136_31.jpg
20251125_233142,No Helmet,0.47,violation_20251125_233142_32.jpg
20251125_233142,No Helmet,0.85,violation_20251125_233142_33.jpg
20251125_233142,No Helmet,0.84,violation_20251125_233142_34.jpg
20251125_233142,No Helmet,0.83,violation_20251125_233142_35.jpg
20251125_233142,No Helmet,0.84,violation_20251125_233142_36.jpg
20251125_233143,No Helmet,0.80,violation_20251125_233143_37.jpg
20251125_233143,No Helmet,0.90,violation_20251125_233143_38.jpg
20251125_233143,No Helmet,0.88,violation_20251125_233143_39.jpg
20251125_233143,No Helmet,0.91,violation_20251125_233143_40.jpg
20251125_233143,No Helmet,0.91,violation_20251125_233143_41.jpg
20251125_233144,No Helmet,0.93,violation_20251125_233144_42.jpg
20251125_233144,No Helmet,0.92,violation_20251125_233144_43.jpg
20251125_233144,No Helmet,0.92,violation_20251125_233144_44.jpg
20251125_233144,No Helmet,0.92,violation_20251125_233144_45.jpg
20251125_233145,No Helmet,0.91,violation_20251125_233145_46.jpg
20251125_233145,No Helmet,0.91,violation_20251125_233145_47.jpg
20251125_233145,No Helmet,0.90,violation_20251125_233145_48.jpg
20251125_233145,No Helmet,0.90,violation_20251125_233145_49.jpg
20251125_233145,No Helmet,0.90,violation_20251125_233145_50.jpg
20251125_233146,No Helmet,0.90,violation_20251125_233146_51.jpg
20251125_233146,No Helmet,0.90,violation_20251125_233146_52.jpg
20251125_233146,No Helmet,0.91,violation_20251125_233146_53.jpg
20251125_233146,No Helmet,0.91,violation_20251125_233146_54.jpg
20251125_233147,No Helmet,0.90,violation_20251125_233147_55.jpg
20251125_234611,No Helmet,0.27,violation_20251125_234611_0.jpg
20251125_234611,No Helmet,0.28,violation_20251125_234611_1.jpg
20251125_234613,No Helmet,0.28,violation_20251125_234613_2.jpg
20251125_234614,No Helmet,0.26,violation_20251125_234614_3.jpg
20251125_234614,No Helmet,0.53,violation_20251125_234614_4.jpg
20251125_234614,No Helmet,0.39,violation_20251125_234614_5.jpg
20251125_234614,No Helmet,0.71,violation_20251125_234614_6.jpg
20251125_234614,No Helmet,0.62,violation_20251125_234614_7.jpg
20251125_234615,No Helmet,0.66,violation_20251125_234615_8.jpg
20251125_234615,No Helmet,0.49,violation_20251125_234615_9.jpg
20251125_234615,No Helmet,0.68,violation_20251125_234615_10.jpg
20251125_234615,No Helmet,0.49,violation_20251125_234615_11.jpg
20251125_234616,No Helmet,0.76,violation_20251125_234616_12.jpg
20251125_234616,No Helmet,0.82,violation_20251125_234616_13.jpg
20251125_234616,No Helmet,0.83,violation_20251125_234616_14.jpg
20251125_234616,No Helmet,0.79,violation_20251125_234616_15.jpg
20251125_234616,No Helmet,0.81,violation_20251125_234616_16.jpg
20251125_234617,No Helmet,0.77,violation_20251125_234617_17.jpg
20251125_234617,No Helmet,0.73,violation_20251125_234617_18.jpg
20251125_234617,No Helmet,0.74,violation_20251125_234617_19.jpg
20251125_234619,No Helmet,0.67,violation_20251125_234619_20.jpg
20251125_234619,No Helmet,0.75,violation_20251125_234619_21.jpg
20251125_234619,No Helmet,0.84,violation_20251125_234619_22.jpg
20251125_234619,No Helmet,0.75,violation_20251125_234619_23.jpg
20251125_234620,No Helmet,0.78,violation_20251125_234620_24.jpg
20251125_234620,No Helmet,0.84,violation_20251125_234620_25.jpg
20251125_234620,No Helmet,0.84,violation_20251125_234620_26.jpg
20251125_234620,No Helmet,0.88,violation_20251125_234620_27.jpg
20251125_234620,No Helmet,0.87,violation_20251125_234620_28.jpg
20251125_234621,No Helmet,0.87,violation_20251125_234621_29.jpg
20251125_234621,No Helmet,0.88,violation_20251125_234621_30.jpg
20251125_234621,No Helmet,0.87,violation_20251125_234621_31.jpg
20251125_234621,No Helmet,0.87,violation_20251125_234621_32.jpg
20251125_234621,No Helmet,0.87,violation_20251125_234621_33.jpg
20251125_234622,No Helmet,0.87,violation_20251125_234622_34.jpg
20251125_234622,No Helmet,0.88,violation_20251125_234622_35.jpg
20251125_234623,No Helmet,0.44,violation_20251125_234623_36.jpg
20251125_234626,No Helmet,0.31,violation_20251125_234626_37.jpg
20251125_234626,No Helmet,0.37,violation_20251125_234626_38.jpg
20251125_234626,No Helmet,0.40,violation_20251125_234626_39.jpg
20251125_234626,No Helmet,0.27,violation_20251125_234626_40.jpg
20251125_234632,No Helmet,0.64,violation_20251125_234632_41.jpg
20251125_234632,No Helmet,0.89,violation_20251125_234632_42.jpg
20251125_234632,No Helmet,0.89,violation_20251125_234632_43.jpg
20251125_234632,No Helmet,0.89,violation_20251125_234632_44.jpg
20251125_234633,No Helmet,0.88,violation_20251125_234633_45.jpg
20251125_234633,No Helmet,0.87,violation_20251125_234633_46.jpg
20251125_234633,No Helmet,0.89,violation_20251125_234633_47.jpg
20251125_234633,No Helmet,0.88,violation_20251125_234633_48.jpg
20251125_234633,No Helmet,0.88,violation_20251125_234633_49.jpg
20251125_234634,No Helmet,0.88,violation_20251125_234634_50.jpg
20251125_234634,No Helmet,0.87,violation_20251125_234634_51.jpg
20251125_234634,No Helmet,0.81,violation_20251125_234634_52.jpg
20251125_234635,No Helmet,0.27,violation_20251125_234635_53.jpg
20251125_234635,No Helmet,0.45,violation_20251125_234635_54.jpg
20251125_234636,No Helmet,0.26,violation_20251125_234636_55.jpg
20251125_234636,No Helmet,0.67,violation_20251125_234636_56.jpg
20251125_234636,No Helmet,0.31,violation_20251125_234636_57.jpg
20251125_234636,No Helmet,0.56,violation_20251125_234636_58.jpg
20251125_234636,No Helmet,0.59,violation_20251125_234636_59.jpg
20251125_234637,No Helmet,0.54,violation_20251125_234637_60.jpg
20251125_234637,No Helmet,0.65,violation_20251125_234637_61.jpg
20251125_234637,No Helmet,0.78,violation_20251125_234637_62.jpg
20251125_234637,No Helmet,0.82,violation_20251125_234637_63.jpg
20251125_234637,No Helmet,0.75,violation_20251125_234637_64.jpg
20251125_234638,No Helmet,0.72,violation_20251125_234638_65.jpg
20251125_234638,No Helmet,0.56,violation_20251125_234638_66.jpg
20251125_234638,No Helmet,0.27,violation_20251125_234638_67.jpg
20251125_234638,No Helmet,0.70,violation_20251125_234638_68.jpg
20251125_234639,No Helmet,0.70,violation_20251125_234639_69.jpg
20251125_234639,No Helmet,0.82,violation_20251125_234639_70.jpg
20251125_234639,No Helmet,0.39,violation_20251125_234639_71.jpg
20251125_234641,No Helmet,0.44,violation_20251125_234641_72.jpg
20251125_234641,No Helmet,0.37,violation_20251125_234641_73.jpg
20251125_234641,No Helmet,0.62,violation_20251125_234641_74.jpg
20251125_234642,No Helmet,0.66,violation_20251125_234642_75.jpg
20251125_234642,No Helmet,0.51,violation_20251125_234642_76.jpg
20251125_234642,No Helmet,0.52,violation_20251125_234642_77.jpg
20251125_234643,No Helmet,0.49,violation_20251125_234643_78.jpg
20251125_234643,No Helmet,0.42,violation_20251125_234643_79.jpg
20251125_234643,No Helmet,0.48,violation_20251125_234643_80.jpg
20251125_234643,No Helmet,0.51,violation_20251125_234643_81.jpg
20251125_234643,No Helmet,0.52,violation_20251125_234643_82.jpg
20251125_234644,No Helmet,0.54,violation_20251125_234644_83.jpg
20251125_234644,No Helmet,0.52,violation_20251125_234644_84.jpg
20251125_234644,No Helmet,0.48,violation_20251125_234644_85.jpg
20251125_234645,No Helmet,0.54,violation_20251125_234645_86.jpg
20251125_234645,No Helmet,0.48,violation_20251125_234645_87.jpg
20251125_234645,No Helmet,0.47,violation_20251125_234645_88.jpg
20251125_234646,No Helmet,0.45,violation_20251125_234646_89.jpg
20251125_234646,No Helmet,0.47,violation_20251125_234646_90.jpg
20251125_234647,No Helmet,0.48,violation_20251125_234647_91.jpg
20251125_234648,No Helmet,0.44,violation_20251125_234648_92.jpg
20251125_234648,No Helmet,0.84,violation_20251125_234648_93.jpg
20251125_234648,No Helmet,0.73,violation_20251125_234648_94.jpg
20251125_234648,No Helmet,0.83,violation_20251125_234648_95.jpg
20251125_234648,No Helmet,0.87,violation_20251125_234648_96.jpg
20251125_234649,No Helmet,0.82,violation_20251125_234649_97.jpg
20251125_234649,No Helmet,0.84,violation_20251125_234649_98.jpg
20251125_234649,No Helmet,0.80,violation_20251125_234649_99.jpg
20251125_234649,No Helmet,0.86,violation_20251125_234649_100.jpg
20251125_234649,No Helmet,0.85,violation_20251125_234649_101.jpg
20251125_234650,No Helmet,0.85,violation_20251125_234650_102.jpg
20251125_234650,No Helmet,0.83,violation_20251125_234650_103.jpg
20251125_234650,No Helmet,0.81,violation_20251125_234650_104.jpg
20251125_234650,No Helmet,0.85,violation_20251125_234650_105.jpg
20251125_234650,No Helmet,0.81,violation_20251125_234650_106.jpg
20251125_234651,No Helmet,0.83,violation_20251125_234651_107.jpg
20251125_234651,No Helmet,0.73,violation_20251125_234651_108.jpg
20251125_234651,No Helmet,0.78,violation_20251125_234651_109.jpg
20251125_234651,No Helmet,0.82,violation_20251125_234651_110.jpg
20251125_234652,No Helmet,0.81,violation_20251125_234652_111.jpg
20251125_234652,No Helmet,0.80,violation_20251125_234652_112.jpg
20251125_234652,No Helmet,0.85,violation_20251125_234652_113.jpg
20251125_234652,No Helmet,0.66,violation_20251125_234652_114.jpg
20251125_234652,No Helmet,0.76,violation_20251125_234652_115.jpg
20251125_234653,No Helmet,0.69,violation_20251125_234653_116.jpg
20251125_234653,No Helmet,0.43,violation_20251125_234653_117.jpg
20251125_234702,No Helmet,0.44,violation_20251125_234702_118.jpg
20251125_234714,No Helmet,0.25,violation_20251125_234714_119.jpg
20251125_234714,No Helmet,0.30,violation_20251125_234714_120.jpg
20251125_234716,No Helmet,0.42,violation_20251125_234716_121.jpg
20251125_234718,No Helmet,0.31,violation_20251125_234718_122.jpg
20251125_234719,No Helmet,0.47,violation_20251125_234719_123.jpg
20251125_234719,No Helmet,0.25,violation_20251125_234719_124.jpg
20251125_234719,No Helmet,0.29,violation_20251125_234719_125.jpg
20251125_234720,No Helmet,0.65,violation_20251125_234720_126.jpg
20251125_234720,No Helmet,0.66,violation_20251125_234720_127.jpg
20251125_234720,No Helmet,0.75,violation_20251125_234720_128.jpg
20251125_234720,No Helmet,0.67,violation_20251125_234720_129.jpg
20251125_234721,No Helmet,0.77,violation_20251125_234721_130.jpg
20251125_234721,No Helmet,0.67,violation_20251125_234721_131.jpg
20251125_234721,No Helmet,0.83,violation_20251125_234721_132.jpg
20251125_234721,No Helmet,0.68,violation_20251125_234721_133.jpg
20251125_234721,No Helmet,0.64,violation_20251125_234721_134.jpg
20251125_234722,No Helmet,0.79,violation_20251125_234722_135.jpg
20251125_234722,No Helmet,0.80,violation_20251125_234722_136.jpg
20251125_234722,No Helmet,0.50,violation_20251125_234722_137.jpg
20251125_234722,No Helmet,0.46,violation_20251125_234722_138.jpg
20251125_234722,No Helmet,0.60,violation_20251125_234722_139.jpg
20251125_234722,No Helmet,0.30,violation_20251125_234722_140.jpg
20251125_234723,No Helmet,0.65,violation_20251125_234723_141.jpg
20251125_234723,No Helmet,0.78,violation_20251125_234723_142.jpg
20251125_234723,No Helmet,0.26,violation_20251125_234723_143.jpg
20251125_234723,No Helmet,0.69,violation_20251125_234723_144.jpg
20251125_234724,No Helmet,0.82,violation_20251125_234724_145.jpg
20251125_234724,No Helmet,0.86,violation_20251125_234724_146.jpg
20251125_234724,No Helmet,0.84,violation_20251125_234724_147.jpg
20251125_234724,No Helmet,0.88,violation_20251125_234724_148.jpg
20251125_234724,No Helmet,0.87,violation_20251125_234724_149.jpg
20251125_234725,No Helmet,0.81,violation_20251125_234725_150.jpg
20251125_234725,No Helmet,0.81,violation_20251125_234725_151.jpg
20251125_234725,No Helmet,0.80,violation_20251125_234725_152.jpg
20251125_234725,No Helmet,0.80,violation_20251125_234725_153.jpg
20251125_234725,No Helmet,0.31,violation_20251125_234725_154.jpg
20251125_234726,No Helmet,0.84,violation_20251125_234726_155.jpg
20251125_234726,No Helmet,0.85,violation_20251125_234726_156.jpg
20251125_234726,No Helmet,0.85,violation_20251125_234726_157.jpg
20251125_234726,No Helmet,0.85,violation_20251125_234726_158.jpg
20251125_234727,No Helmet,0.82,violation_20251125_234727_159.jpg
20251125_234727,No Helmet,0.30,violation_20251125_234727_160.jpg
20251125_234727,No Helmet,0.44,violation_20251125_234727_161.jpg
20251125_234727,No Helmet,0.49,violation_20251125_234727_162.jpg
20251125_234727,No Helmet,0.57,violation_20251125_234727_163.jpg
20251125_234728,No Helmet,0.56,violation_20251125_234728_164.jpg
20251125_234728,No Helmet,0.56,violation_20251125_234728_165.jpg
20251125_234728,No Helmet,0.29,violation_20251125_234728_166.jpg
20251125_234728,No Helmet,0.83,violation_20251125_234728_167.jpg
20251125_234728,No Helmet,0.55,violation_20251125_234728_168.jpg
20251125_234731,No Helmet,0.79,violation_20251125_234731_169.jpg
20251125_234731,No Helmet,0.72,violation_20251125_234731_170.jpg
20251125_234731,No Helmet,0.77,violation_20251125_234731_171.jpg
20251125_234732,No Helmet,0.76,violation_20251125_234732_172.jpg
20251125_234732,No Helmet,0.38,violation_20251125_234732_173.jpg
20251125_234732,No Helmet,0.74,violation_20251125_234732_174.jpg
20251125_234732,No Helmet,0.29,violation_20251125_234732_175.jpg
20251125_234732,No Helmet,0.61,violation_20251125_234732_176.jpg
20251125_234733,No Helmet,0.66,violation_20251125_234733_177.jpg
20251125_234733,No Helmet,0.26,violation_20251125_234733_178.jpg
20251125_234733,No Helmet,0.27,violation_20251125_234733_179.jpg
20251125_234734,No Helmet,0.48,violation_20251125_234734_180.jpg
20251125_234736,No Helmet,0.50,violation_20251125_234736_181.jpg
20251127_161806,No Helmet,0.39,violation_20251127_161806_0.jpg
20251127_161812,No Helmet,0.29,violation_20251127_161812_1.jpg
20251127_161812,No Helmet,0.49,violation_20251127_161812_2.jpg
20251127_161812,No Helmet,0.49,violation_20251127_161812_3.jpg
20251127_161822,No Helmet,0.40,violation_20251127_161822_4.jpg
20251127_161822,No Helmet,0.29,violation_20251127_161822_5.jpg
20251127_161823,No Helmet,0.42,violation_20251127_161823_6.jpg
20251127_161823,No Helmet,0.28,violation_20251127_161823_7.jpg
20251127_161823,No Helmet,0.26,violation_20251127_161823_8.jpg
20251127_161823,No Helmet,0.26,violation_20251127_161823_9.jpg
20251127_161823,No Helmet,0.28,violation_20251127_161823_10.jpg
20251127_161824,No Helmet,0.36,violation_20251127_161824_11.jpg
20251127_161824,No Helmet,0.28,violation_20251127_161824_12.jpg
20251127_161824,No Helmet,0.28,violation_20251127_161824_13.jpg
20251127_161825,No Helmet,0.38,violation_20251127_161825_14.jpg
20251127_161825,No Helmet,0.39,violation_20251127_161825_15.jpg
20251127_161825,No Helmet,0.31,violation_20251127_161825_16.jpg
20251127_161826,No Helmet,0.35,violation_20251127_161826_17.jpg
20251127_161826,No Helmet,0.30,violation_20251127_161826_18.jpg
20251127_161826,No Helmet,0.29,violation_20251127_161826_19.jpg
20251127_161826,No Helmet,0.31,violation_20251127_161826_20.jpg
20251127_161826,No Helmet,0.29,violation_20251127_161826_21.jpg
20251127_161827,No Helmet,0.26,violation_20251127_161827_22.jpg
20251127_161827,No Helmet,0.36,violation_20251127_161827_23.jpg
20251127_161827,No Helmet,0.29,violation_20251127_161827_24.jpg
20251127_161903,No Helmet,0.54,violation_20251127_161903_0.jpg
20251127_161903,No Helmet,0.67,violation_20251127_161903_1.jpg
20251127_161904,No Helmet,0.85,violation_20251127_161904_2.jpg
20251127_161904,No Helmet,0.89,violation_20251127_161904_3.jpg
20251127_161904,No Helmet,0.85,violation_20251127_161904_4.jpg
20251127_161904,No Helmet,0.85,violation_20251127_161904_5.jpg
20251127_161904,No Helmet,0.79,violation_20251127_161904_6.jpg
20251127_161904,No Helmet,0.68,violation_20251127_161904_7.jpg
20251127_161905,No Helmet,0.81,violation_20251127_161905_8.jpg
20251127_161905,No Helmet,0.67,violation_20251127_161905_9.jpg
20251127_161905,No Helmet,0.75,violation_20251127_161905_10.jpg
20251127_161905,No Helmet,0.74,violation_20251127_161905_11.jpg
20251127_161905,No Helmet,0.79,violation_20251127_161905_12.jpg
20251127_161906,No Helmet,0.72,violation_20251127_161906_13.jpg
20251127_161906,No Helmet,0.82,violation_20251127_161906_14.jpg
20251127_161906,No Helmet,0.70,violation_20251127_161906_15.jpg
20251127_161906,No Helmet,0.78,violation_20251127_161906_16.jpg
20251127_161906,No Helmet,0.73,violation_20251127_161906_17.jpg
20251127_161907,No Helmet,0.73,violation_20251127_161907_18.jpg
20251127_161907,No Helmet,0.69,violation_20251127_161907_19.jpg
20251127_161907,No Helmet,0.84,violation_20251127_161907_20.jpg
20251127_161907,No Helmet,0.80,violation_20251127_161907_21.jpg
20251127_161907,No Helmet,0.83,violation_20251127_161907_22.jpg
20251127_161908,No Helmet,0.77,violation_20251127_161908_23.jpg
20251127_161908,No Helmet,0.75,violation_20251127_161908_24.jpg
20251127_161908,No Helmet,0.75,violation_20251127_161908_25.jpg
20251127_161908,No Helmet,0.76,violation_20251127_161908_26.jpg
20251127_161908,No Helmet,0.77,violation_20251127_161908_27.jpg
20251127_161909,No Helmet,0.79,violation_20251127_161909_28.jpg
20251127_161909,No Helmet,0.79,violation_20251127_161909_29.jpg
20251127_161909,No Helmet,0.75,violation_20251127_161909_30.jpg
20251127_161909,No Helmet,0.76,violation_20251127_161909_31.jpg
20251127_161909,No Helmet,0.77,violation_20251127_161909_32.jpg
20251127_161910,No Helmet,0.72,violation_20251127_161910_33.jpg
20251127_161910,No Helmet,0.76,violation_20251127_161910_34.jpg
20251127_161910,No Helmet,0.74,violation_20251127_161910_35.jpg
20251127_161910,No Helmet,0.75,violation_20251127_161910_36.jpg
20251127_161910,No Helmet,0.79,violation_20251127_161910_37.jpg
20251127_161911,No Helmet,0.72,violation_20251127_161911_38.jpg
20251127_161911,No Helmet,0.66,violation_20251127_161911_39.jpg
20251127_161911,No Helmet,0.66,violation_20251127_161911_40.jpg
20251127_161911,No Helmet,0.72,violation_20251127_161911_41.jpg
20251127_162140,No Helmet,0.70,violation_20251127_162140_0.jpg
20251127_162140,No Helmet,0.69,violation_20251127_162140_1.jpg
20251127_162140,No Helmet,0.71,violation_20251127_162140_2.jpg
20251127_162140,No Helmet,0.71,violation_20251127_162140_3.jpg
20251127_162141,No Helmet,0.81,violation_20251127_162141_4.jpg
20251127_162141,No Helmet,0.80,violation_20251127_162141_5.jpg
20251127_162141,No Helmet,0.83,violation_20251127_162141_6.jpg
20251127_162141,No Helmet,0.73,violation_20251127_162141_7.jpg
20251127_162141,No Helmet,0.74,violation_20251127_162141_8.jpg
20251127_162142,No Helmet,0.72,violation_20251127_162142_9.jpg
20251127_162142,No Helmet,0.77,violation_20251127_162142_10.jpg
20251127_162142,No Helmet,0.77,violation_20251127_162142_11.jpg
20251127_162142,No Helmet,0.76,violation_20251127_162142_12.jpg
20251127_162142,No Helmet,0.75,violation_20251127_162142_13.jpg
20251127_162143,No Helmet,0.76,violation_20251127_162143_14.jpg
20251127_162143,No Helmet,0.84,violation_20251127_162143_15.jpg
20251127_162143,No Helmet,0.78,violation_20251127_162143_16.jpg
20251127_162143,No Helmet,0.80,violation_20251127_162143_17.jpg
20251127_162143,No Helmet,0.83,violation_20251127_162143_18.jpg
20251127_162144,No Helmet,0.83,violation_20251127_162144_19.jpg
20251127_162144,No Helmet,0.79,violation_20251127_162144_20.jpg
20251127_162144,No Helmet,0.82,violation_20251127_162144_21.jpg
20251127_162144,No Helmet,0.81,violation_20251127_162144_22.jpg
20251127_162144,No Helmet,0.81,violation_20251127_162144_23.jpg
20251127_162145,No Helmet,0.78,violation_20251127_162145_24.jpg
20251127_162145,No Helmet,0.78,violation_20251127_162145_25.jpg
20251127_162145,No Helmet,0.77,violation_20251127_162145_26.jpg
20251127_162145,No Helmet,0.66,violation_20251127_162145_27.jpg
20251127_162145,No Helmet,0.59,violation_20251127_162145_28.jpg
20251127_162205,No Helmet,0.41,violation_20251127_162205_0.jpg
20251127_162205,No Helmet,0.48,violation_20251127_162205_1.jpg
20251127_162205,No Helmet,0.67,violation_20251127_162205_2.jpg
20251127_162206,No Helmet,0.72,violation_20251127_162206_3.jpg
20251127_162206,No Helmet,0.69,violation_20251127_162206_4.jpg
20251127_162206,No Helmet,0.72,violation_20251127_162206_5.jpg
20251127_162206,No Helmet,0.63,violation_20251127_162206_6.jpg
20251127_162206,No Helmet,0.58,violation_20251127_162206_7.jpg
20251127_162207,No Helmet,0.64,violation_20251127_162207_8.jpg
20251127_162207,No Helmet,0.64,violation_20251127_162207_9.jpg
20251127_162207,No Helmet,0.41,violation_20251127_162207_10.jpg
20251127_162207,No Helmet,0.34,violation_20251127_162207_11.jpg
20251127_162207,No Helmet,0.26,violation_20251127_162207_12.jpg
20251127_162208,No Helmet,0.66,violation_20251127_162208_13.jpg
20251127_162208,No Helmet,0.72,violation_20251127_162208_14.jpg
20251127_162208,No Helmet,0.83,violation_20251127_162208_15.jpg
20251127_162208,No Helmet,0.70,violation_20251127_162208_16.jpg
20251127_162208,No Helmet,0.66,violation_20251127_162208_17.jpg
20251127_162209,No Helmet,0.73,violation_20251127_162209_18.jpg
20251127_162209,No Helmet,0.84,violation_20251127_162209_19.jpg
20251127_162209,No Helmet,0.80,violation_20251127_162209_20.jpg
20251127_162209,No Helmet,0.72,violation_20251127_162209_21.jpg
20251127_162210,No Helmet,0.83,violation_20251127_162210_22.jpg
20251127_162210,No Helmet,0.83,violation_20251127_162210_23.jpg
20251127_162210,No Helmet,0.76,violation_20251127_162210_24.jpg
20251127_162210,No Helmet,0.79,violation_20251127_162210_25.jpg
20251127_162210,No Helmet,0.83,violation_20251127_162210_26.jpg
20251127_162210,No Helmet,0.84,violation_20251127_162210_27.jpg
20251127_162211,No Helmet,0.84,violation_20251127_162211_28.jpg
20251127_162211,No Helmet,0.82,violation_20251127_162211_29.jpg
20251127_162211,No Helmet,0.83,violation_20251127_162211_30.jpg
20251127_162211,No Helmet,0.86,violation_20251127_162211_31.jpg
20251127_162211,No Helmet,0.89,violation_20251127_162211_32.jpg
20251127_162212,No Helmet,0.85,violation_20251127_162212_33.jpg
20251127_162212,No Helmet,0.79,violation_20251127_162212_34.jpg
20251127_162212,No Helmet,0.85,violation_20251127_162212_35.jpg
20251127_162212,No Helmet,0.89,violation_20251127_162212_36.jpg
20251127_162212,No Helmet,0.89,violation_20251127_162212_37.jpg
20251127_162213,No Helmet,0.87,violation_20251127_162213_38.jpg
20251127_162213,No Helmet,0.87,violation_20251127_162213_39.jpg
20251127_162213,No Helmet,0.89,violation_20251127_162213_40.jpg
20251127_162213,No Helmet,0.85,violation_20251127_162213_41.jpg
20251127_162214,No Helmet,0.89,violation_20251127_162214_42.jpg
20251127_162214,No Helmet,0.89,violation_20251127_162214_43.jpg
20251127_162214,No Helmet,0.87,violation_20251127_162214_44.jpg
20251127_162214,No Helmet,0.85,violation_20251127_162214_45.jpg
20251127_162214,No Helmet,0.78,violation_20251127_162214_46.jpg
20251127_162215,No Helmet,0.81,violation_20251127_162215_47.jpg
20251127_162215,No Helmet,0.88,violation_20251127_162215_48.jpg
20251127_162215,No Helmet,0.88,violation_20251127_162215_49.jpg
20251127_162215,No Helmet,0.83,violation_20251127_162215_50.jpg
20251127_162215,No Helmet,0.86,violation_20251127_162215_51.jpg
20251127_162216,No Helmet,0.88,violation_20251127_162216_52.jpg
20251127_162216,No Helmet,0.89,violation_20251127_162216_53.jpg
20251127_162216,No Helmet,0.88,violation_20251127_162216_54.jpg
20251127_162216,No Helmet,0.88,violation_20251127_162216_55.jpg
20251127_162217,No Helmet,0.85,violation_20251127_162217_56.jpg
20251127_162217,No Helmet,0.86,violation_20251127_162217_57.jpg
20251127_162217,No Helmet,0.87,violation_20251127_162217_58.jpg
20251127_162217,No Helmet,0.86,violation_20251127_162217_59.jpg
20251127_162217,No Helmet,0.89,violation_20251127_162217_60.jpg
20251127_162218,No Helmet,0.88,violation_20251127_162218_61.jpg
20251127_162218,No Helmet,0.87,violation_20251127_162218_62.jpg
20251127_162218,No Helmet,0.88,violation_20251127_162218_63.jpg
20251127_162218,No Helmet,0.87,violation_20251127_162218_64.jpg
20251127_162219,No Helmet,0.85,violation_20251127_162219_65.jpg
20251127_162219,No Helmet,0.87,violation_20251127_162219_66.jpg
20251127_162219,No Helmet,0.88,violation_20251127_162219_67.jpg
20251127_162219,No Helmet,0.88,violation_20251127_162219_68.jpg
20251127_162219,No Helmet,0.88,violation_20251127_162219_69.jpg
20251127_162220,No Helmet,0.87,violation_20251127_162220_70.jpg
20251127_162220,No Helmet,0.87,violation_20251127_162220_71.jpg
20251127_162220,No Helmet,0.88,violation_20251127_162220_72.jpg
20251127_162220,No Helmet,0.74,violation_20251127_162220_73.jpg
20251127_162220,No Helmet,0.69,violation_20251127_162220_74.jpg
20251127_162226,No Helmet,0.26,violation_20251127_162226_75.jpg
20251127_162226,No Helmet,0.27,violation_20251127_162226_76.jpg
20251127_162227,No Helmet,0.40,violation_20251127_162227_77.jpg
20251127_162227,No Helmet,0.77,violation_20251127_162227_78.jpg
20251127_162227,No Helmet,0.84,violation_20251127_162227_79.jpg
20251127_162227,No Helmet,0.68,violation_20251127_162227_80.jpg
20251127_162227,No Helmet,0.87,violation_20251127_162227_81.jpg
20251127_162228,No Helmet,0.80,violation_20251127_162228_82.jpg
20251127_162228,No Helmet,0.83,violation_20251127_162228_83.jpg
20251127_162228,No Helmet,0.86,violation_20251127_162228_84.jpg
20251127_162228,No Helmet,0.89,violation_20251127_162228_85.jpg
20251127_162229,No Helmet,0.85,violation_20251127_162229_86.jpg
20251127_162229,No Helmet,0.87,violation_20251127_162229_87.jpg
20251127_162229,No Helmet,0.84,violation_20251127_162229_88.jpg
20251127_162229,No Helmet,0.40,violation_20251127_162229_89.jpg
20251127_162232,No Helmet,0.27,violation_20251127_162232_90.jpg
20251127_162232,No Helmet,0.57,violation_20251127_162232_91.jpg
20251127_162232,No Helmet,0.74,violation_20251127_162232_92.jpg
20251127_162233,No Helmet,0.80,violation_20251127_162233_93.jpg
20251127_162233,No Helmet,0.81,violation_20251127_162233_94.jpg
20251127_162233,No Helmet,0.86,violation_20251127_162233_95.jpg
20251127_162233,No Helmet,0.84,violation_20251127_162233_96.jpg
20251127_162233,No Helmet,0.86,violation_20251127_162233_97.jpg
20251127_162234,No Helmet,0.83,violation_20251127_162234_98.jpg
20251127_162234,No Helmet,0.81,violation_20251127_162234_99.jpg
20251127_162234,No Helmet,0.78,violation_20251127_162234_100.jpg
20251127_162234,No Helmet,0.78,violation_20251127_162234_101.jpg
20251127_162234,No Helmet,0.81,violation_20251127_162234_102.jpg
20251127_162235,No Helmet,0.87,violation_20251127_162235_103.jpg
20251127_162235,No Helmet,0.86,violation_20251127_162235_104.jpg
20251127_162235,No Helmet,0.85,violation_20251127_162235_105.jpg
20251127_162235,No Helmet,0.85,violation_20251127_162235_106.jpg
20251127_162236,No Helmet,0.85,violation_20251127_162236_107.jpg
20251127_162236,No Helmet,0.88,violation_20251127_162236_108.jpg
20251127_162236,No Helmet,0.88,violation_20251127_162236_109.jpg
20251127_162236,No Helmet,0.89,violation_20251127_162236_110.jpg
20251127_162236,No Helmet,0.89,violation_20251127_162236_111.jpg
20251127_162237,No Helmet,0.89,violation_20251127_162237_112.jpg
20251127_162237,No Helmet,0.86,violation_20251127_162237_113.jpg
20251127_162237,No Helmet,0.85,violation_20251127_162237_114.jpg
20251127_162237,No Helmet,0.86,violation_20251127_162237_115.jpg
20251127_162238,No Helmet,0.86,violation_20251127_162238_116.jpg
20251127_162238,No Helmet,0.82,violation_20251127_162238_117.jpg
20251127_162238,No Helmet,0.83,violation_20251127_162238_118.jpg
20251127_162238,No Helmet,0.86,violation_20251127_162238_119.jpg
20251127_162238,No Helmet,0.86,violation_20251127_162238_120.jpg
20251127_162239,No Helmet,0.85,violation_20251127_162239_121.jpg
20251127_162239,No Helmet,0.87,violation_20251127_162239_122.jpg
20251127_162239,No Helmet,0.87,violation_20251127_162239_123.jpg
20251127_162239,No Helmet,0.88,violation_20251127_162239_124.jpg
20251127_162240,No Helmet,0.88,violation_20251127_162240_125.jpg
20251127_162240,No Helmet,0.87,violation_20251127_162240_126.jpg
20251127_162240,No Helmet,0.88,violation_20251127_162240_127.jpg
20251127_162240,No Helmet,0.87,violation_20251127_162240_128.jpg
20251127_162240,No Helmet,0.86,violation_20251127_162240_129.jpg
20251127_162241,No Helmet,0.87,violation_20251127_162241_130.jpg
20251127_162241,No Helmet,0.88,violation_20251127_162241_131.jpg
20251127_162241,No Helmet,0.89,violation_20251127_162241_132.jpg
20251127_162241,No Helmet,0.89,violation_20251127_162241_133.jpg
20251127_162241,No Helmet,0.89,violation_20251127_162241_134.jpg
20251127_162242,No Helmet,0.89,violation_20251127_162242_135.jpg
20251127_162242,No Helmet,0.89,violation_20251127_162242_136.jpg
20251127_162242,No Helmet,0.89,violation_20251127_162242_137.jpg
20251127_162242,No Helmet,0.88,violation_20251127_162242_138.jpg
20251127_162243,No Helmet,0.88,violation_20251127_162243_139.jpg
20251127_162243,No Helmet,0.87,violation_20251127_162243_140.jpg
20251127_162243,No Helmet,0.87,violation_20251127_162243_141.jpg
20251127_162243,No Helmet,0.87,violation_20251127_162243_142.jpg
20251127_162243,No Helmet,0.90,violation_20251127_162243_143.jpg
20251127_162244,No Helmet,0.88,violation_20251127_162244_144.jpg
20251127_162244,No Helmet,0.87,violation_20251127_162244_145.jpg
20251127_162244,No Helmet,0.86,violation_20251127_162244_146.jpg
20251127_162244,No Helmet,0.85,violation_20251127_162244_147.jpg
20251127_162244,No Helmet,0.87,violation_20251127_162244_148.jpg
20251127_162245,No Helmet,0.85,violation_20251127_162245_149.jpg
20251127_162245,No Helmet,0.84,violation_20251127_162245_150.jpg
20251127_162245,No Helmet,0.84,violation_20251127_162245_151.jpg
20251127_162245,No Helmet,0.86,violation_20251127_162245_152.jpg
20251127_162246,No Helmet,0.84,violation_20251127_162246_153.jpg
20251127_162246,No Helmet,0.86,violation_20251127_162246_154.jpg
20251127_162246,No Helmet,0.85,violation_20251127_162246_155.jpg
20251127_162246,No Helmet,0.77,violation_20251127_162246_156.jpg
20251127_162246,No Helmet,0.81,violation_20251127_162246_157.jpg
20251127_162247,No Helmet,0.81,violation_20251127_162247_158.jpg
20251127_162247,No Helmet,0.82,violation_20251127_162247_159.jpg
20251127_162247,No Helmet,0.82,violation_20251127_162247_160.jpg
20251127_162247,No Helmet,0.81,violation_20251127_162247_161.jpg
20251127_162247,No Helmet,0.86,violation_20251127_162247_162.jpg
20251127_162248,No Helmet,0.51,violation_20251127_162248_163.jpg
20251127_162253,No Helmet,0.50,violation_20251127_162253_164.jpg
20251127_162253,No Helmet,0.28,violation_20251127_162253_165.jpg
20251127_162343,No Helmet,0.27,violation_20251127_162343_0.jpg
20251128_111140,No Helmet,0.55,violation_20251128_111140_0.jpg
20251128_111140,No Helmet,0.63,violation_20251128_111140_1.jpg
20251128_111141,No Helmet,0.65,violation_20251128_111141_2.jpg
20251128_111141,No Helmet,0.72,violation_20251128_111141_3.jpg
20251128_111141,No Helmet,0.67,violation_20251128_111141_4.jpg
20251128_111141,No Helmet,0.58,violation_20251128_111141_5.jpg
20251128_111141,No Helmet,0.55,violation_20251128_111141_6.jpg
20251128_111142,No Helmet,0.60,violation_20251128_111142_7.jpg
20251128_111142,No Helmet,0.63,violation_20251128_111142_8.jpg
20251128_111142,No Helmet,0.58,violation_20251128_111142_9.jpg
20251128_111142,No Helmet,0.52,violation_20251128_111142_10.jpg
20251128_111142,No Helmet,0.59,violation_20251128_111142_11.jpg
20251128_111143,No Helmet,0.49,violation_20251128_111143_12.jpg
20251128_111144,No Helmet,0.65,violation_20251128_111144_13.jpg
20251128_111144,No Helmet,0.47,violation_20251128_111144_14.jpg
20251128_111144,No Helmet,0.50,violation_20251128_111144_15.jpg
20251128_111145,No Helmet,0.36,violation_20251128_111145_16.jpg
20251128_111145,No Helmet,0.37,violation_20251128_111145_17.jpg
20251128_111146,No Helmet,0.49,violation_20251128_111146_18.jpg
20251128_111146,No Helmet,0.52,violation_20251128_111146_19.jpg
20251128_111146,No Helmet,0.50,violation_20251128_111146_20.jpg
20251128_111146,No Helmet,0.41,violation_20251128_111146_21.jpg
20251128_111146,No Helmet,0.49,violation_20251128_111146_22.jpg
20251128_111147,No Helmet,0.59,violation_20251128_111147_23.jpg
20251128_111147,No Helmet,0.59,violation_20251128_111147_24.jpg
20251128_111147,No Helmet,0.66,violation_20251128_111147_25.jpg
20251128_111147,No Helmet,0.60,violation_20251128_111147_26.jpg
20251128_111147,No Helmet,0.29,violation_20251128_111147_27.jpg
20251128_111148,No Helmet,0.76,violation_20251128_111148_28.jpg
20251128_111148,No Helmet,0.63,violation_20251128_111148_29.jpg
20251128_111148,No Helmet,0.68,violation_20251128_111148_30.jpg
20251128_111148,No Helmet,0.65,violation_20251128_111148_31.jpg
20251128_111149,No Helmet,0.65,violation_20251128_111149_32.jpg
20251128_111149,No Helmet,0.64,violation_20251128_111149_33.jpg
20251128_111149,No Helmet,0.78,violation_20251128_111149_34.jpg
20251128_111149,No Helmet,0.50,violation_20251128_111149_35.jpg
20251128_111149,No Helmet,0.67,violation_20251128_111149_36.jpg
20251128_111150,No Helmet,0.62,violation_20251128_111150_37.jpg
20251128_111150,No Helmet,0.62,violation_20251128_111150_38.jpg
20251128_111150,No Helmet,0.65,violation_20251128_111150_39.jpg
20251128_111150,No Helmet,0.62,violation_20251128_111150_40.jpg
20251128_111151,No Helmet,0.71,violation_20251128_111151_41.jpg
20251128_111151,No Helmet,0.81,violation_20251128_111151_42.jpg
20251128_111151,No Helmet,0.70,violation_20251128_111151_43.jpg
20251128_111151,No Helmet,0.70,violation_20251128_111151_44.jpg
20251128_111151,No Helmet,0.71,violation_20251128_111151_45.jpg
20251128_111152,No Helmet,0.73,violation_20251128_111152_46.jpg
20251128_111152,No Helmet,0.79,violation_20251128_111152_47.jpg
20251128_111152,No Helmet,0.76,violation_20251128_111152_48.jpg
20251128_111152,No Helmet,0.78,violation_20251128_111152_49.jpg
20251128_111152,No Helmet,0.75,violation_20251128_111152_50.jpg
20251128_111153,No Helmet,0.74,violation_20251128_111153_51.jpg
20251128_111153,No Helmet,0.75,violation_20251128_111153_52.jpg
20251128_111153,No Helmet,0.78,violation_20251128_111153_53.jpg
20251128_111153,No Helmet,0.75,violation_20251128_111153_54.jpg
20251128_111154,No Helmet,0.68,violation_20251128_111154_55.jpg
20251128_111154,No Helmet,0.72,violation_20251128_111154_56.jpg
20251128_111154,No Helmet,0.72,violation_20251128_111154_57.jpg
20251128_111154,No Helmet,0.55,violation_20251128_111154_58.jpg
20251128_111154,No Helmet,0.83,violation_20251128_111154_59.jpg
20251128_111155,No Helmet,0.63,violation_20251128_111155_60.jpg
20251128_111155,No Helmet,0.70,violation_20251128_111155_61.jpg
20251128_111155,No Helmet,0.57,violation_20251128_111155_62.jpg
20251128_111155,No Helmet,0.29,violation_20251128_111155_63.jpg
20251128_111156,No Helmet,0.26,violation_20251128_111156_64.jpg
20251128_111156,No Helmet,0.28,violation_20251128_111156_65.jpg
20251128_111157,No Helmet,0.25,violation_20251128_111157_66.jpg
20251128_111157,No Helmet,0.26,violation_20251128_111157_67.jpg
20251128_111158,No Helmet,0.36,violation_20251128_111158_68.jpg
20251128_111158,No Helmet,0.41,violation_20251128_111158_69.jpg
20251128_111158,No Helmet,0.28,violation_20251128_111158_70.jpg
20251128_111159,No Helmet,0.27,violation_20251128_111159_71.jpg
20251128_111159,No Helmet,0.32,violation_20251128_111159_72.jpg
20251128_111159,No Helmet,0.50,violation_20251128_111159_73.jpg
20251128_111159,No Helmet,0.68,violation_20251128_111159_74.jpg
20251128_111159,No Helmet,0.71,violation_20251128_111159_75.jpg
20251128_111200,No Helmet,0.85,violation_20251128_111200_76.jpg
20251128_111200,No Helmet,0.86,violation_20251128_111200_77.jpg
20251128_111200,No Helmet,0.83,violation_20251128_111200_78.jpg
20251128_111200,No Helmet,0.78,violation_20251128_111200_79.jpg
20251128_111200,No Helmet,0.81,violation_20251128_111200_80.jpg
20251128_111201,No Helmet,0.72,violation_20251128_111201_81.jpg
20251128_111201,No Helmet,0.58,violation_20251128_111201_82.jpg
20251128_111201,No Helmet,0.50,violation_20251128_111201_83.jpg
20251128_111201,No Helmet,0.53,violation_20251128_111201_84.jpg
20251128_111202,No Helmet,0.52,violation_20251128_111202_85.jpg
20251128_111202,No Helmet,0.40,violation_20251128_111202_86.jpg
20251128_111203,No Helmet,0.34,violation_20251128_111203_87.jpg
20251128_111204,No Helmet,0.43,violation_20251128_111204_88.jpg
20251128_111204,No Helmet,0.54,violation_20251128_111204_89.jpg
20251128_111204,No Helmet,0.68,violation_20251128_111204_90.jpg
20251128_111204,No Helmet,0.50,violation_20251128_111204_91.jpg
20251128_111205,No Helmet,0.37,violation_20251128_111205_92.jpg
20251128_111205,No Helmet,0.59,violation_20251128_111205_93.jpg
20251128_111205,No Helmet,0.43,violation_20251128_111205_94.jpg
20251128_111206,No Helmet,0.55,violation_20251128_111206_95.jpg
20251128_111206,No Helmet,0.67,violation_20251128_111206_96.jpg
20251128_111206,No Helmet,0.59,violation_20251128_111206_97.jpg
20251128_111206,No Helmet,0.41,violation_20251128_111206_98.jpg
20251128_111207,No Helmet,0.45,violation_20251128_111207_99.jpg
20251128_111244,No Helmet,0.84,violation_20251128_111244_0.jpg
20251128_111244,No Helmet,0.57,violation_20251128_111244_1.jpg
20251128_111244,No Helmet,0.48,violation_20251128_111244_2.jpg
20251128_111244,No Helmet,0.57,violation_20251128_111244_3.jpg
20251128_111245,No Helmet,0.69,violation_20251128_111245_4.jpg
20251128_111245,No Helmet,0.65,violation_20251128_111245_5.jpg
20251128_111245,No Helmet,0.45,violation_20251128_111245_6.jpg
20251128_111245,No Helmet,0.47,violation_20251128_111245_7.jpg
20251128_111246,No Helmet,0.37,violation_20251128_111246_8.jpg
20251128_111246,No Helmet,0.45,violation_20251128_111246_9.jpg
20251128_111246,No Helmet,0.50,violation_20251128_111246_10.jpg
20251128_111246,No Helmet,0.45,violation_20251128_111246_11.jpg
20251128_111246,No Helmet,0.48,violation_20251128_111246_12.jpg
20251128_111247,No Helmet,0.56,violation_20251128_111247_13.jpg
20251128_111247,No Helmet,0.56,violation_20251128_111247_14.jpg
20251128_111247,No Helmet,0.76,violation_20251128_111247_15.jpg
20251128_111247,No Helmet,0.72,violation_20251128_111247_16.jpg
20251128_111247,No Helmet,0.62,violation_20251128_111247_17.jpg
20251128_111248,No Helmet,0.56,violation_20251128_111248_18.jpg
20251128_111248,No Helmet,0.53,violation_20251128_111248_19.jpg
20251128_111248,No Helmet,0.61,violation_20251128_111248_20.jpg
20251128_111248,No Helmet,0.49,violation_20251128_111248_21.jpg
20251128_111248,No Helmet,0.36,violation_20251128_111248_22.jpg
20251128_111249,No Helmet,0.50,violation_20251128_111249_23.jpg
20251128_111249,No Helmet,0.49,violation_20251128_111249_24.jpg
20251128_111249,No Helmet,0.61,violation_20251128_111249_25.jpg
20251128_111249,No Helmet,0.65,violation_20251128_111249_26.jpg
20251128_111249,No Helmet,0.75,violation_20251128_111249_27.jpg
20251128_111250,No Helmet,0.40,violation_20251128_111250_28.jpg
20251128_111250,No Helmet,0.47,violation_20251128_111250_29.jpg
20251128_111250,No Helmet,0.52,violation_20251128_111250_30.jpg
20251128_111250,No Helmet,0.69,violation_20251128_111250_31.jpg
20251128_111250,No Helmet,0.63,violation_20251128_111250_32.jpg
20251128_111251,No Helmet,0.61,violation_20251128_111251_33.jpg
20251128_111251,No Helmet,0.65,violation_20251128_111251_34.jpg
20251128_111251,No Helmet,0.66,violation_20251128_111251_35.jpg
20251128_111251,No Helmet,0.81,violation_20251128_111251_36.jpg
20251128_111251,No Helmet,0.67,violation_20251128_111251_37.jpg
20251128_111252,No Helmet,0.80,violation_20251128_111252_38.jpg
20251128_111252,No Helmet,0.81,violation_20251128_111252_39.jpg
20251128_111252,No Helmet,0.83,violation_20251128_111252_40.jpg
20251128_111252,No Helmet,0.84,violation_20251128_111252_41.jpg
20251128_111252,No Helmet,0.82,violation_20251128_111252_42.jpg
20251128_111253,No Helmet,0.79,violation_20251128_111253_43.jpg
20251128_111253,No Helmet,0.82,violation_20251128_111253_44.jpg
20251128_111253,No Helmet,0.81,violation_20251128_111253_45.jpg
20251128_111253,No Helmet,0.83,violation_20251128_111253_46.jpg
20251128_111254,No Helmet,0.81,violation_20251128_111254_47.jpg
20251128_111254,No Helmet,0.79,violation_20251128_111254_48.jpg
20251128_111254,No Helmet,0.84,violation_20251128_111254_49.jpg
20251128_111254,No Helmet,0.83,violation_20251128_111254_50.jpg
20251128_111254,No Helmet,0.83,violation_20251128_111254_51.jpg
20251128_111255,No Helmet,0.81,violation_20251128_111255_52.jpg
20251128_111255,No Helmet,0.81,violation_20251128_111255_53.jpg
20251128_111255,No Helmet,0.83,violation_20251128_111255_54.jpg
20251128_111255,No Helmet,0.83,violation_20251128_111255_55.jpg
20251128_111256,No Helmet,0.82,violation_20251128_111256_56.jpg
20251128_111256,No Helmet,0.85,violation_20251128_111256_57.jpg
20251128_111256,No Helmet,0.85,violation_20251128_111256_58.jpg
20251128_111256,No Helmet,0.84,violation_20251128_111256_59.jpg
20251128_111256,No Helmet,0.83,violation_20251128_111256_60.jpg
20251128_111257,No Helmet,0.84,violation_20251128_111257_61.jpg
20251128_111257,No Helmet,0.82,violation_20251128_111257_62.jpg
20251128_111257,No Helmet,0.73,violation_20251128_111257_63.jpg
20251128_111257,No Helmet,0.54,violation_20251128_111257_64.jpg
20251128_111258,No Helmet,0.27,violation_20251128_111258_65.jpg
20251128_111258,No Helmet,0.51,violation_20251128_111258_66.jpg
20251128_111258,No Helmet,0.74,violation_20251128_111258_67.jpg
20251128_111258,No Helmet,0.46,violation_20251128_111258_68.jpg
20251128_111258,No Helmet,0.64,violation_20251128_111258_69.jpg
20251128_111259,No Helmet,0.64,violation_20251128_111259_70.jpg
20251128_111259,No Helmet,0.66,violation_20251128_111259_71.jpg
20251128_111259,No Helmet,0.73,violation_20251128_111259_72.jpg
20251128_111259,No Helmet,0.78,violation_20251128_111259_73.jpg
20251128_111300,No Helmet,0.78,violation_20251128_111300_74.jpg
20251128_111300,No Helmet,0.77,violation_20251128_111300_75.jpg
20251128_163440,No Helmet,0.67,violation_20251128_163440_0.jpg
20251128_163440,No Helmet,0.63,violation_20251128_163440_1.jpg
20251128_163440,No Helmet,0.63,violation_20251128_163440_2.jpg
20251128_163441,No Helmet,0.38,violation_20251128_163441_3.jpg
20251128_163441,No Helmet,0.35,violation_20251128_163441_4.jpg
20251128_163442,No Helmet,0.26,violation_20251128_163442_5.jpg
20251128_163443,No Helmet,0.53,violation_20251128_163443_6.jpg
20251128_163443,No Helmet,0.77,violation_20251128_163443_7.jpg
20251128_163443,No Helmet,0.73,violation_20251128_163443_8.jpg
20251128_163443,No Helmet,0.26,violation_20251128_163443_9.jpg
20251128_163444,No Helmet,0.26,violation_20251128_163444_10.jpg
20251128_163444,No Helmet,0.25,violation_20251128_163444_11.jpg
20251128_163445,No Helmet,0.28,violation_20251128_163445_12.jpg
20251128_163445,No Helmet,0.30,violation_20251128_163445_13.jpg
20251128_163446,No Helmet,0.32,violation_20251128_163446_14.jpg
20251128_163448,No Helmet,0.42,violation_20251128_163448_15.jpg
20251128_163923,No Helmet,0.87,violation_20251128_163923_0.jpg
20251128_163924,No Helmet,0.87,violation_20251128_163924_1.jpg
20251128_163924,No Helmet,0.88,violation_20251128_163924_2.jpg
20251128_163924,No Helmet,0.88,violation_20251128_163924_3.jpg
20251128_163924,No Helmet,0.88,violation_20251128_163924_4.jpg
20251128_163924,No Helmet,0.87,violation_20251128_163924_5.jpg
20251128_163924,No Helmet,0.87,violation_20251128_163924_6.jpg
20251128_163925,No Helmet,0.87,violation_20251128_163925_7.jpg
20251128_163925,No Helmet,0.88,violation_20251128_163925_8.jpg
20251128_163925,No Helmet,0.89,violation_20251128_163925_9.jpg
20251128_163925,No Helmet,0.89,violation_20251128_163925_10.jpg
20251128_163925,No Helmet,0.88,violation_20251128_163925_11.jpg
20251128_163926,No Helmet,0.88,violation_20251128_163926_12.jpg
20251128_163926,No Helmet,0.86,violation_20251128_163926_13.jpg
20251128_163926,No Helmet,0.87,violation_20251128_163926_14.jpg
20251128_163926,No Helmet,0.84,violation_20251128_163926_15.jpg
20251128_163926,No Helmet,0.87,violation_20251128_163926_16.jpg
20251128_163927,No Helmet,0.86,violation_20251128_163927_17.jpg
20251128_163927,No Helmet,0.86,violation_20251128_163927_18.jpg
20251128_163927,No Helmet,0.85,violation_20251128_163927_19.jpg
20251128_163927,No Helmet,0.85,violation_20251128_163927_20.jpg
20251128_163927,No Helmet,0.85,violation_20251128_163927_21.jpg
20251128_163928,No Helmet,0.85,violation_20251128_163928_22.jpg
20251128_163928,No Helmet,0.85,violation_20251128_163928_23.jpg
20251128_163928,No Helmet,0.86,violation_20251128_163928_24.jpg
20251128_163928,No Helmet,0.86,violation_20251128_163928_25.jpg
20251128_163928,No Helmet,0.87,violation_20251128_163928_26.jpg
20251128_163929,No Helmet,0.87,violation_20251128_163929_27.jpg
20251128_163929,No Helmet,0.88,violation_20251128_163929_28.jpg
20251128_163929,No Helmet,0.88,violation_20251128_163929_29.jpg
20251128_163929,No Helmet,0.88,violation_20251128_163929_30.jpg
20251128_163929,No Helmet,0.87,violation_20251128_163929_31.jpg
20251128_163930,No Helmet,0.88,violation_20251128_163930_32.jpg
20251128_163930,No Helmet,0.88,violation_20251128_163930_33.jpg
20251128_163930,No Helmet,0.86,violation_20251128_163930_34.jpg
20251128_163930,No Helmet,0.89,violation_20251128_163930_35.jpg
20251128_163930,No Helmet,0.89,violation_20251128_163930_36.jpg
20251128_163931,No Helmet,0.87,violation_20251128_163931_37.jpg
20260204_222524,No Helmet,0.82,violation_20260204_222524_0.jpg
20260204_222525,No Helmet,0.87,violation_20260204_222525_1.jpg
20260204_222525,No Helmet,0.85,violation_20260204_222525_2.jpg
20260204_222525,No Helmet,0.84,violation_20260204_222525_3.jpg
20260204_222525,No Helmet,0.78,violation_20260204_222525_4.jpg
20260204_222526,No Helmet,0.71,violation_20260204_222526_5.jpg
20260204_222526,No Helmet,0.47,violation_20260204_222526_6.jpg
20260204_222526,No Helmet,0.75,violation_20260204_222526_7.jpg
20260204_222527,No Helmet,0.57,violation_20260204_222527_8.jpg
20260204_222527,No Helmet,0.55,violation_20260204_222527_9.jpg
20260204_222527,No Helmet,0.86,violation_20260204_222527_10.jpg
20260204_222527,No Helmet,0.85,violation_20260204_222527_11.jpg
20260204_222527,No Helmet,0.87,violation_20260204_222527_12.jpg
20260204_222528,No Helmet,0.38,violation_20260204_222528_13.jpg
20260204_222529,No Helmet,0.38,violation_20260204_222529_14.jpg
20260204_222529,No Helmet,0.42,violation_20260204_222529_15.jpg
20260204_222529,No Helmet,0.45,violation_20260204_222529_16.jpg
20260204_222529,No Helmet,0.42,violation_20260204_222529_17.jpg
20260204_222530,No Helmet,0.52,violation_20260204_222530_18.jpg
20260204_222530,No Helmet,0.58,violation_20260204_222530_19.jpg
20260204_222530,No Helmet,0.59,violation_20260204_222530_20.jpg
20260204_222530,No Helmet,0.45,violation_20260204_222530_21.jpg
20260204_222530,No Helmet,0.48,violation_20260204_222530_22.jpg
20260204_222531,No Helmet,0.47,violation_20260204_222531_23.jpg
20260204_222531,No Helmet,0.49,violation_20260204_222531_24.jpg
20260306_230810,No Helmet,0.60,violation_20260306_230810_0.jpg
20260306_230810,No Helmet,0.67,violation_20260306_230810_1.jpg
20260306_230811,No Helmet,0.75,violation_20260306_230811_2.jpg
20260306_230811,No Helmet,0.61,violation_20260306_230811_3.jpg
20260306_230811,No Helmet,0.74,violation_20260306_230811_4.jpg
20260306_230811,No Helmet,0.72,violation_20260306_230811_5.jpg
20260306_230811,No Helmet,0.63,violation_20260306_230811_6.jpg
20260306_230812,No Helmet,0.71,violation_20260306_230812_7.jpg
20260306_230812,No Helmet,0.75,violation_20260306_230812_8.jpg
20260306_230812,No Helmet,0.60,violation_20260306_230812_9.jpg
20260306_230812,No Helmet,0.76,violation_20260306_230812_10.jpg
20260306_230813,No Helmet,0.70,violation_20260306_230813_11.jpg
20260306_230813,No Helmet,0.78,violation_20260306_230813_12.jpg
20260306_230813,No Helmet,0.72,violation_20260306_230813_13.jpg
20260306_230813,No Helmet,0.66,violation_20260306_230813_14.jpg
20260306_230813,No Helmet,0.71,violation_20260306_230813_15.jpg
20260306_230814,No Helmet,0.68,violation_20260306_230814_16.jpg
20260306_230814,No Helmet,0.62,violation_20260306_230814_17.jpg
20260306_230814,No Helmet,0.72,violation_20260306_230814_18.jpg
20260306_230814,No Helmet,0.64,violation_20260306_230814_19.jpg
20260306_230814,No Helmet,0.67,violation_20260306_230814_20.jpg
20260306_230815,No Helmet,0.54,violation_20260306_230815_21.jpg
20260306_230815,No Helmet,0.49,violation_20260306_230815_22.jpg
20260526_200836,No Helmet,0.58,violation_20260526_200836_0.jpg
20260526_200837,No Helmet,0.81,violation_20260526_200837_1.jpg
20260526_200837,No Helmet,0.78,violation_20260526_200837_2.jpg
20260526_200837,No Helmet,0.77,violation_20260526_200837_3.jpg
20260526_200837,No Helmet,0.70,violation_20260526_200837_4.jpg
20260526_200838,No Helmet,0.75,violation_20260526_200838_5.jpg
20260526_200838,No Helmet,0.74,violation_20260526_200838_6.jpg
20260526_200838,No Helmet,0.71,violation_20260526_200838_7.jpg
